{"cameraMode":{"drawMode":0,"name":"Shaded","section":"Shading Mode"},"sceneLighting":false,"audioPlay":false,"sceneViewState":{"showFog":true,"showMaterialUpdate":true,"showSkybox":false,"showFlares":true,"showImageEffects":true,"showParticleSystems":true},"in2DMode":false,"pivot":{"x":24.498554229736329,"y":-0.19912374019622804,"z":16.736305236816408},"rotation":{"x":-0.017710117623209955,"y":-0.4478030204772949,"z":0.008872214704751969,"w":-0.893917441368103},"size":40.87931823730469,"orthographic":false}