{"cameraMode":{"drawMode":0,"name":"Shaded","section":"Shading Mode"},"sceneLighting":false,"audioPlay":false,"sceneViewState":{"showFog":true,"showMaterialUpdate":true,"showSkybox":false,"showFlares":true,"showImageEffects":true,"showParticleSystems":true},"in2DMode":false,"pivot":{"x":-20.409465789794923,"y":3.500657081604004,"z":-2.9204936027526857},"rotation":{"x":0.1122409999370575,"y":0.4504520297050476,"z":-0.05720483511686325,"w":0.8839054703712463},"size":5.360169887542725,"orthographic":false}