{"cameraMode":{"drawMode":0,"name":"Shaded","section":"Shading Mode"},"sceneLighting":false,"audioPlay":false,"sceneViewState":{"showFog":true,"showMaterialUpdate":true,"showSkybox":false,"showFlares":true,"showImageEffects":true,"showParticleSystems":true},"in2DMode":false,"pivot":{"x":-13.365053176879883,"y":0.267911434173584,"z":14.66889762878418},"rotation":{"x":-0.08176416158676148,"y":-0.9070983529090881,"z":0.20790958404541017,"w":-0.3567538559436798},"size":10.717379570007325,"orthographic":false}