{"cameraMode":{"drawMode":0,"name":"Shaded","section":"Shading Mode"},"sceneLighting":false,"audioPlay":false,"sceneViewState":{"showFog":true,"showMaterialUpdate":true,"showSkybox":false,"showFlares":true,"showImageEffects":true,"showParticleSystems":true},"in2DMode":false,"pivot":{"x":-1.2801693677902222,"y":0.19025683403015138,"z":0.27072906494140627},"rotation":{"x":-0.31791678071022036,"y":0.06449785828590393,"z":-0.02168252505362034,"w":-0.9456766843795776},"size":5.148255348205566,"orthographic":false}