{"cameraMode":{"drawMode":0,"name":"Shaded","section":"Shading Mode"},"sceneLighting":true,"audioPlay":false,"sceneViewState":{"showFog":true,"showMaterialUpdate":true,"showSkybox":true,"showFlares":true,"showImageEffects":true,"showParticleSystems":true},"in2DMode":false,"pivot":{"x":-14.859758377075196,"y":-3.621853828430176,"z":-22.102828979492189},"rotation":{"x":0.1710302233695984,"y":-0.16322608292102815,"z":0.02874751016497612,"w":0.9712330102920532},"size":28.006641387939454,"orthographic":false}