{"cameraMode":{"drawMode":0,"name":"Shaded","section":"Shading Mode"},"sceneLighting":false,"audioPlay":false,"sceneViewState":{"showFog":true,"showMaterialUpdate":true,"showSkybox":false,"showFlares":true,"showImageEffects":true,"showParticleSystems":true},"in2DMode":false,"pivot":{"x":-11.419486045837403,"y":-1.6710044145584107,"z":42.30177688598633},"rotation":{"x":0.007430355064570904,"y":-0.16187822818756104,"z":0.0012321205576881767,"w":0.9867869019508362},"size":77.06017303466797,"orthographic":false}