{"cameraMode":{"drawMode":0,"name":"Shaded","section":"Shading Mode"},"sceneLighting":false,"audioPlay":false,"sceneViewState":{"showFog":true,"showMaterialUpdate":true,"showSkybox":false,"showFlares":true,"showImageEffects":true,"showParticleSystems":true},"in2DMode":false,"pivot":{"x":-6.584479331970215,"y":6.321283340454102,"z":-16.12765884399414},"rotation":{"x":-0.14086882770061494,"y":0.3083644211292267,"z":-0.04623189568519592,"w":-0.9396470785140991},"size":7.568849086761475,"orthographic":false}