{"cameraMode":{"drawMode":0,"name":"Shaded","section":"Shading Mode"},"sceneLighting":true,"audioPlay":false,"sceneViewState":{"showFog":true,"showMaterialUpdate":true,"showSkybox":true,"showFlares":true,"showImageEffects":true,"showParticleSystems":true},"in2DMode":false,"pivot":{"x":-3.2156734466552736,"y":-2.441791534423828,"z":0.6922502517700195},"rotation":{"x":-0.3367306590080261,"y":-0.494166761636734,"z":0.2155490219593048,"w":-0.7719820141792297},"size":47.99991989135742,"orthographic":false}