{"cameraMode":{"drawMode":0,"name":"Shaded","section":"Shading Mode"},"sceneLighting":false,"audioPlay":false,"sceneViewState":{"showFog":true,"showMaterialUpdate":true,"showSkybox":false,"showFlares":true,"showImageEffects":true,"showParticleSystems":true},"in2DMode":false,"pivot":{"x":-19.054916381835939,"y":4.418992042541504,"z":-3.6871137619018556},"rotation":{"x":0.13016046583652497,"y":0.26029953360557558,"z":-0.03545428439974785,"w":0.9560992121696472},"size":9.431344985961914,"orthographic":false}