{"cameraMode":{"drawMode":0,"name":"Shaded","section":"Shading Mode"},"sceneLighting":false,"audioPlay":false,"sceneViewState":{"showFog":true,"showMaterialUpdate":true,"showSkybox":false,"showFlares":true,"showImageEffects":true,"showParticleSystems":true},"in2DMode":false,"pivot":{"x":-3.083681583404541,"y":0.23447465896606446,"z":0.8935055732727051},"rotation":{"x":-0.14086882770061494,"y":0.3083644211292267,"z":-0.04623189568519592,"w":-0.9396470785140991},"size":8.510279655456543,"orthographic":false}