{"cameraMode":{"drawMode":0,"name":"Shaded","section":"Shading Mode"},"sceneLighting":true,"audioPlay":false,"sceneViewState":{"showFog":true,"showMaterialUpdate":true,"showSkybox":true,"showFlares":true,"showImageEffects":true,"showParticleSystems":true},"in2DMode":false,"pivot":{"x":9.686717987060547,"y":-13.788768768310547,"z":-16.39697265625},"rotation":{"x":-0.06008964031934738,"y":0.9380613565444946,"z":-0.2699626386165619,"w":-0.2087571769952774},"size":120.37884521484375,"orthographic":false}