{"cameraMode":{"drawMode":0,"name":"Shaded","section":"Shading Mode"},"sceneLighting":false,"audioPlay":false,"sceneViewState":{"showFog":true,"showMaterialUpdate":true,"showSkybox":false,"showFlares":true,"showImageEffects":true,"showParticleSystems":true},"in2DMode":false,"pivot":{"x":-0.45107501745224,"y":0.15566682815551759,"z":31.33055877685547},"rotation":{"x":-0.024301454424858094,"y":0.021589303389191629,"z":-0.0005245445645414293,"w":-0.9994757771492004},"size":41.463504791259769,"orthographic":false}