{"cameraMode":{"drawMode":0,"name":"Shaded","section":"Shading Mode"},"sceneLighting":false,"audioPlay":false,"sceneViewState":{"showFog":true,"showMaterialUpdate":true,"showSkybox":false,"showFlares":true,"showImageEffects":true,"showParticleSystems":true},"in2DMode":false,"pivot":{"x":-21.843936920166017,"y":5.3554582595825199,"z":-3.931540012359619},"rotation":{"x":-0.11243391036987305,"y":-0.37656623125076296,"z":0.046081770211458209,"w":-0.9184141755104065},"size":17.62116241455078,"orthographic":false}