{"cameraMode":{"drawMode":0,"name":"Shaded","section":"Shading Mode"},"sceneLighting":false,"audioPlay":false,"sceneViewState":{"showFog":true,"showMaterialUpdate":true,"showSkybox":false,"showFlares":true,"showImageEffects":true,"showParticleSystems":true},"in2DMode":false,"pivot":{"x":-3.300119400024414,"y":-2.0737624168395998,"z":0.7846698760986328},"rotation":{"x":-0.19798588752746583,"y":-0.13711687922477723,"z":0.027979344129562379,"w":-0.9701671600341797},"size":23.096424102783204,"orthographic":false}